1단계	2단계	사용자	상황	어떻게	결과	US ID
인증	회원가입	소셜 계정으로 최초 가입	서비스 이용을 위한 계정이 필요함	소셜 계정을 이용해 회원가입을 진행한다	계정이 생성되고 서비스 이용을 시작한다	AUTH-01
인증	소셜 로그인	소셜 계정을 사용하는 사용자	비밀번호 없이 빠르게 시작하고 싶음	로그인 화면에서 Google 등 소셜 로그인 버튼을 누르고 계정 인증을 완료한다	계정이 연결되고 내 여행 데이터가 로드된다	AUTH-02
인증	로그아웃	로그인된 사용자	서비스 이용을 종료하거나 다른 계정으로 변경하고 싶음	로그아웃을 선택한다	현재 로그인 세션이 종료된다	AUTH-03
인증	회원 탈퇴	서비스를 더 이상 이용하지 않는 사용자	내 계정을 삭제하고 싶음	회원 탈퇴를 선택하고 확인한다	계정이 탈퇴 처리되고 정책에 따라 데이터가 처리된다	AUTH-04
인증	세션 만료	로그인된 사용자	작업 중 세션이 만료됨	세션 만료 안내에서 다시 로그인을 눌러 재인증한다	이전 작업 문맥으로 복귀하거나 대시보드로 이동한다	AUTH-05
인증	차단 안내	차단된 사용자	로그인이 되지 않는 이유를 알고 싶음	로그인을 시도한다	차단되었다는 안내와 사유, 차단 시점을 확인할 수 있다	AUTH-06
인증	계정 복구	탈퇴한 사용자	실수로 탈퇴했거나 다시 이용하고 싶음	탈퇴 후 30일 안에 같은 소셜 계정으로 복구를 요청한다	계정이 되살아나고 닉네임과 기록이 그대로 복구된다	AUTH-07
온보딩	초기 설정	처음 가입한 사용자	나에게 맞는 서비스 환경을 설정하고 싶음	닉네임(중복 불가)과 프로필 등의 기본 정보를 입력한다	메인 화면으로 이동한다. 이미 사용 중인 닉네임이면 다른 닉네임을 입력하도록 안내받는다	ONB-01
온보딩	초기 설정 건너뛰기	처음 가입한 사용자	환경 설정을 건너뛰고 싶음	건너뛰기 버튼을 누른다	바로 메인화면으로 이동하고, 커뮤니티에 표시할 기본 닉네임이 자동으로 지정된다	ONB-02
마이페이지	내 프로필 조회	여행자	내 정보와 활동 현황을 확인하고 싶음	마이페이지에 진입한다	닉네임, 프로필 이미지와 내 기록 현황을 확인할 수 있다	MY-01
마이페이지	내 프로필 수정	여행자	닉네임이나 프로필 이미지를 바꾸고 싶음	마이페이지에서 프로필 수정을 선택하고 닉네임 또는 프로필 이미지를 변경한다	프로필에 반영된다. 이미 사용 중인 닉네임이면 다른 닉네임을 입력하도록 안내받는다	MY-02
플래너	일정 생성	여행 계획자	새로운 여행 일정을 만들고 싶음	여행지(복수 선택 가능)와 여행 기간을 설정해 일정을 생성한다	새로운 여행 일정이 생성된다	PLAN-01
플래너	세부 일정 생성	여행 계획자	여행 기간에 맞춰 방문 장소와 동선을 구성하고 싶음	장소를 검색해 일정에 추가하고 방문 순서를 변경한다	일자별 일정에 장소가 배치되고 여행 동선이 구성된다	PLAN-02
플래너	일정 상세 조회	여행자	작성한 여행 일정의 세부 내용을 확인하고 싶음	일정 목록에서 원하는 여행 일정을 선택한다	여행 기간과 일자별 방문 장소 및 이동 순서를 확인할 수 있다	PLAN-03
플래너	일정 수정	여행 계획자	기존 여행 계획을 변경하고 싶음	여행 일정의 날짜, 장소 또는 방문 순서를 수정한다	변경한 내용이 여행 일정에 반영된다	PLAN-04
플래너	일정 삭제	여행 계획자	더 이상 필요하지 않은 여행 일정을 정리하고 싶음	일정 목록에서 삭제할 일정을 선택하고 삭제를 확인한다	선택한 여행 일정이 목록에서 제거되고, 연결된 아카이브는 그대로 유지된다	PLAN-05
플래너	장소 검색	여행 계획자	여행 일정에 추가할 관광지를 찾고 싶음	지역이나 장소명을 검색한다	검색 조건에 맞는 관광지와 관련 정보가 표시된다	PLAN-06
플래너	장소 상세 조회	여행 계획자	일정에 추가하기 전에 관광지 정보를 자세히 확인하고 싶음	검색 결과에서 원하는 장소를 선택한다	장소의 이름, 위치, 이미지, 운영 시간·휴무일 및 관광 정보를 확인할 수 있다	PLAN-07
플래너	주변 추천 장소 추가	여행 계획자	현재 일정 주변의 다른 여행지를 빠르게 추가하고 싶음	추가할 일정과 세부 일정을 선택한다	선택한 장소가 일정에 추가되고 지도 동선이 갱신된다	PLAN-08
플래너	AI 일정 추천/자동 생성	여행 계획자	가고싶은 곳은 많은데 순서를 어떻게 짜야 할지 모르겠음	가고 싶은 장소들을 입력하고 AI 자동생성을 선택한다	AI가 정리한 순서와 예상 이동 거리를 미리 확인하고, 적용을 선택하면 일정에 반영된다	PLAN-09
플래너	코스 시각화	여행 계획자	현재 일정을 시각화해서 보고싶음	현재 일정들을 시각화해서 보여준다	일정 동선이 시각화되어 이동 반경이 한눈에 보인다	PLAN-10
플래너	일정 목록 조회	여행자	내가 작성한 여행 일정들을 한눈에 확인하고 싶음	플래너 메뉴에서 일정 목록을 조회한다	예정된 여행이 먼저 표시되고, 그 아래에 지난 여행이 최신순으로 표시된다	PLAN-11
플래너	공유된 타인의 코스 가져오기	여행 계획자	커뮤니티에 공유된 여행 코스를 내 여행에 활용하고 싶음	커뮤니티 게시물 상세에서 코스 가져오기를 선택하고 여행 시작일을 입력한다	선택한 코스가 내 일정으로 복사된다	PLAN-12
지도	여행 지역 인증	여행자	실제로 방문한 지역을 여행 기록으로 남기고 싶음	위치 권한을 허용하고 해당 지역에서 방문 인증을 수행한다	해당 지역이 방문한 지역으로 등록된다	MAP-01
지도	방문 지역 확인	여행자	지금까지 방문 인증을 완료한 지역을 확인하고 싶음	지도에서 여행 지역을 확인한다	방문한 지역이 지도에서 시각적으로 구분되어 표시된다	MAP-02
지도	지역 상세 정보 확인	여행자	방문했거나 여행하고 싶은 지역의 관광 정보를 확인하고 새로운 여행 장소를 찾고 싶음	지도에서 특정 지역을 선택하고 해당 지역의 관광지, 음식점 등의 정보를 확인한다	선택한 지역의 주요 여행 정보를 확인하고 마음에 드는 장소를 선택하여 여행 일정에 추가할 수 있다	MAP-03
지도	여행 지역 인증 실패	여행자	현재 위치를 확인할 수 없거나 인증 가능한 지역이 아님	위치 권한을 허용하지 않았거나 인증 조건을 충족하지 않은 상태에서 방문 인증을 시도한다	방문 인증이 완료되지 않고 인증 실패 사유와 해결 방법을 확인할 수 있다	MAP-04
정원	정원 조회	여행자	여행하며 모은 식물과 오브젝트가 어떻게 정원에 반영되었는지 확인하고 싶음	정원 메뉴에 진입한다	현재 정원에 배치된 식물과 오브젝트, 각 식물의 성장 상태를 한눈에 확인할 수 있다	GARDEN-01
정원	지역 보상	여행자	새로운 지역을 방문한 보상을 받고 싶음	해당 지역에서 방문 인증을 완료한다	지역 전용 식물이나 오브젝트가 해금되거나, 이미 해금된 식물 또는 오브젝트라면 성장하여 정원에 반영된다 단, 같은 지역은 7일에 한 번만 성장에 반영된다	GARDEN-02
미디어	사진·영상 업로드	여행자	기록에 넣을 사진과 영상을 서비스에 올려야 함	갤러리에서 사진 또는 영상을 선택해 업로드한다	업로드한 사진과 영상이 저장되어 아카이브와 타임캡슐에서 사용할 수 있다	MEDIA-01
타임캡슐	타임캡슐 생성	여행자	현재의 여행 기억을 미래의 나에게 남기고 싶음	사진과 글을 작성하고 날짜 또는 위치를 해제 조건으로 설정한다	타임캡슐이 생성되고 봉인된다	TC-01
타임캡슐	타임캡슐 목록 조회	여행자	내가 만들어 둔 타임캡슐을 확인하고 싶음	타임캡슐 메뉴에 진입한다	봉인된 타임캡슐과 해제된 타임캡슐 목록이 표시된다	TC-02
타임캡슐	해제 조건 확인	타임캡슐을 기다리는 사용자	내가 설정한 타임캡슐의 해제 조건을 확인하고 싶음	타임캡슐 목록에서 원하는 타임캡슐을 선택한다	설정된 해제 날짜 또는 위치와 현재 상태를 확인할 수 있다	TC-03
타임캡슐	해제 알림	타임캡슐을 기다리는 사용자	설정한 해제 조건이 충족되었음을 알고 싶음	설정한 날짜가 도달하거나, 지정 장소 근처에서 앱을 실행한다	타임캡슐이 해제 가능 상태가 되고 사용자에게 알림이 전송된다	TC-04
타임캡슐	타임캡슐 열기	타임캡슐을 기다리는 사용자	해제된 과거의 여행 기록을 확인하고 싶음	해제된 타임캡슐을 선택해 열기를 누른다	타임캡슐에 저장된 사진과 글을 확인할 수 있다	TC-05
타임캡슐	해제 기록	여행자	과거에 열어본 타임캡슐을 다시 확인하고 싶음	타임캡슐 기록에서 원하는 타임캡슐을 선택한다	해제된 타임캡슐과 내용을 다시 확인할 수 있다	TC-06
타임캡슐	타임캡슐 삭제	여행자	더 이상 필요하지 않은 타임캡슐을 삭제하고 싶음	삭제할 타임캡슐을 선택하고 삭제를 확인한다	선택한 타임캡슐이 목록에서 제거된다	TC-07
아카이브	아카이브 생성	여행자	여행 기록을 하나의 아카이브로 남기고 싶음	아카이브 이름, 테마, 대표 색상을 설정하고, 필요한 경우 여행 일정을 연결한다	설정한 정보로 새로운 아카이브가 생성된다	ARCH-01
아카이브	아카이브 정보 수정	여행자	만들어 둔 아카이브의 이름이나 테마를 바꾸고 싶음	아카이브 설정에서 이름, 테마, 대표 색상을 변경한다	변경한 정보가 아카이브에 반영된다	ARCH-02
아카이브	아카이브 목록 조회	여행자	내가 만든 아카이브를 확인하고 싶음	아카이브 메뉴에 진입한다	내가 만든 아카이브 목록이 표시된다	ARCH-03
아카이브	아카이브 검색	여행자	많은 아카이브 중 원하는 기록을 찾고 싶음	검색창에서 아카이브 이름이나 여행 기간을 입력한다	검색 조건에 맞는 아카이브가 표시된다	ARCH-04
아카이브	아카이브 상세 조회	여행자	특정 아카이브의 내용을 보고 싶음	아카이브를 선택한다	사진, 영상 등의 기록이 상세하게 표시된다	ARCH-05
아카이브	아카이브 콘텐츠 편집	여행자	아카이브의 여행 기록을 수정하고 싶음	사진·영상을 추가, 변경, 삭제하고 사진에 캡션을 작성한다	변경된 콘텐츠가 아카이브에 반영된다	ARCH-06
아카이브	아카이브 레이아웃 편집	여행자	아카이브를 원하는 형태로 꾸미고 싶음	아카이브 내 콘텐츠의 배치와 순서를 변경한다	원하는 레이아웃과 순서로 아카이브가 구성된다	ARCH-07
아카이브	대표 사진 지정	여행자	아카이브를 대표하는 사진을 설정하고 싶음	사진 중 대표 사진을 선택한다	선택한 사진이 아카이브 대표 사진으로 설정된다	ARCH-08
아카이브	아카이브 삭제	여행자	불필요한 아카이브를 정리하고 싶음	삭제할 아카이브를 선택하고 삭제한다	해당 아카이브가 삭제되고, 연결된 여행 일정은 그대로 유지된다	ARCH-09
아카이브	공동 편집 초대	여행자	다른 사람과 여행 기록을 함께 만들고 싶음	닉네임으로 사용자를 검색해 공동 편집자로 초대한다	초대가 전달된다. 에버가든에 가입한 사용자만 초대할 수 있다	ARCH-10
아카이브	공동 편집 참여	여행자	초대받은 아카이브를 함께 편집하고 싶음	공동 편집 초대를 수락한다	해당 아카이브의 공동 편집자로 참여한다	ARCH-11
아카이브	실시간 공동 편집	공동 편집자	여러 명이 동시에 아카이브를 편집하고 싶음	사진·영상·레이아웃 등을 편집한다	변경 사항이 실시간으로 반영되며, 같은 항목을 동시에 편집하면 나중에 저장된 내용이 적용된다	ARCH-12
아카이브	공동 편집 나가기	공동 편집자	참여 중인 아카이브에서 빠지고 싶음	아카이브에서 공동 편집 나가기를 선택한다	해당 아카이브의 편집 권한을 잃고 내 아카이브 목록에서 제외된다	ARCH-13
아카이브	공동 편집 종료	아카이브 생성자	공동 편집을 종료하고 싶음	공동 편집 종료를 선택한다	해당 아카이브의 공동 편집이 종료되고, 참여자는 이후 조회만 가능하고 편집할 수 없다	ARCH-14
아카이브	공동 편집 아카이브 복제	공동 편집자	함께 만든 아카이브를 내 기록으로 보관하고 싶음	공동 편집 종료 후 아카이브 복제를 선택한다	공동 편집 아카이브가 내 아카이브로 복제된다	ARCH-15
아카이브	공유 아카이브 가져오기	여행자	커뮤니티에 공유된 다른 사람이 만든 아카이브를 내 기록에 활용하고 싶음	공유된 아카이브에서 가져오기를 선택하고 내 아카이브 이름을 입력한다	해당 아카이브의 틀만 내 아카이브로 복제되며, 사진과 영상은 복제되지 않는다	ARCH-16
아카이브	여행 일정 연결/해제	여행자	기존 아카이브를 여행 일정과 연결하거나 연결을 끊고 싶음	아카이브에서 연결할 여행 일정을 선택하거나 기존 연결을 해제한다	아카이브와 여행 일정의 연결 상태가 변경되며 양쪽 데이터는 그대로 유지된다	ARCH-17
아카이브	공동 편집 초대 거절	여행자	받은 공동 편집 초대를 받아들이고 싶지 않음	공동 편집 초대를 거절한다	초대가 사라지고 공동 편집자로 추가되지 않는다	ARCH-18
커뮤니티	피드 조회	커뮤니티 사용자	다른 사람들이 기록한 여행을 둘러보고 싶음	인기(최근 30일 좋아요 순) 또는 최신 피드를 조회한다	다른 사용자가 공유한 여행 게시물이 표시된다	COMM-01
커뮤니티	지역별 피드 조회	커뮤니티 사용자	다른 사람들이 기록한 특정 지역 여행을 둘러보고 싶음	커뮤니티에서 특정 지역 피드를 조회한다	해당 지역이 코스에 포함되거나 게시물에 직접 지정된 게시물이 모두 표시된다	COMM-02
커뮤니티	게시물 상세 조회	커뮤니티 사용자	피드에서 관심 있는 여행 기록을 자세히 보고 싶음	피드에서 원하는 게시물을 선택한다	게시물의 여행 기록과 작성자 정보 및 댓글을 확인할 수 있고, 코스와 아카이브를 각각 가져올 수 있다	COMM-03
커뮤니티	게시물 작성	여행자	아카이브 또는 여행 코스를 공유하고 싶음	공유할 대상(여행 코스 / 아카이브 / 둘 다)을 선택하고, 코스를 공유하지 않는 경우 여행 지역을 직접 선택한 뒤 게시물을 작성한다	작성한 게시물이 커뮤니티 피드에 등록되고, 코스에 포함된 지역 또는 직접 선택한 지역의 피드에 함께 노출된다	COMM-04
커뮤니티	게시물 수정	게시물을 작성한 사용자	작성한 게시물의 내용을 수정하고 싶음	내 게시물에서 수정 기능을 선택하고 내용을 변경한다	수정한 내용이 게시물에 반영된다	COMM-05
커뮤니티	게시물 삭제	게시물을 작성한 사용자	작성한 게시물을 더 이상 공유하고 싶지 않음	내 게시물에서 삭제를 선택하고 확인한다	게시물이 커뮤니티에서 삭제된다	COMM-06
커뮤니티	게시물 좋아요	커뮤니티 사용자	마음에 드는 게시물을 좋아요 누르고 싶음	게시물에 좋아요 버튼을 누른다	게시물의 좋아요 수가 증가하고 나의 좋아요 목록에 해당 게시물이 추가된다	COMM-07
커뮤니티	좋아요 목록 조회	커뮤니티 사용자	나의 좋아요 목록을 보고싶음	좋아요 목록에 들어간다	내가 좋아요를 누른 게시물들이 뜬다	COMM-08
커뮤니티	내 게시물 목록 조회	커뮤니티 사용자	내가 작성한 게시물 목록을 보고싶음	내 게시물 목록에 들어간다	내가 작성한 게시물들이 뜬다	COMM-09
커뮤니티	게시물 신고	커뮤니티 사용자	부적절한 게시물을 발견해 운영자에게 알리고 싶음	신고 사유를 선택하고 필요하면 설명을 덧붙여 제출한다	해당 게시물이 신고 처리된다	COMM-10
커뮤니티	댓글 작성	커뮤니티 사용자	다른 사용자의 여행 기록에 의견을 남기고 싶음	게시물에 댓글을 작성한다	작성한 댓글이 게시물에 등록된다	COMM-11
커뮤니티	댓글 수정	댓글을 작성한 사용자	작성한 댓글의 내용을 수정하고 싶음	내 댓글 수정 기능을 선택하고 내용을 변경한다	수정한 내용이 댓글에 반영된다	COMM-12
커뮤니티	댓글 삭제	댓글을 작성한 사용자	작성한 댓글을 삭제하고 싶음	내 댓글의 삭제 기능을 선택한다	선택한 댓글이 게시물에서 삭제된다	COMM-13
커뮤니티	대댓글 작성	커뮤니티 사용자	다른 사용자의 댓글에 답변하고 싶음	댓글을 선택하고 대댓글을 작성한다	작성한 대댓글이 해당 댓글에 등록된다	COMM-14
커뮤니티	대댓글 수정	대댓글을 작성한 사용자	작성한 대댓글을 수정하고 싶음	내 대댓글 수정 기능을 선택하고 내용을 변경한다	수정한 내용이 대댓글에 반영된다	COMM-15
커뮤니티	대댓글 삭제	대댓글을 작성한 사용자	작성한 대댓글을 삭제하고 싶음	내 대댓글의 삭제 기능을 선택한다	선택한 대댓글이 게시물에서 삭제된다	COMM-16
커뮤니티	원본이 삭제된 게시물 조회	커뮤니티 사용자	공유된 코스나 아카이브가 삭제된 게시물을 열람함	해당 게시물을 조회한다	삭제된 기록임을 안내받고 게시물 본문과 댓글은 그대로 확인할 수 있다	COMM-17
커뮤니티	댓글·대댓글 신고	커뮤니티 사용자	부적절한 댓글이나 대댓글을 발견해 운영자에게 알리고 싶음	신고 사유를 선택하고 필요하면 설명을 덧붙여 제출한다	해당 댓글 또는 대댓글이 신고 처리된다	COMM-18
커뮤니티	게시물 좋아요 취소	커뮤니티 사용자	좋아요를 누른 게시물을 목록에서 빼고 싶음	좋아요한 게시물에서 좋아요 버튼을 다시 누른다	게시물의 좋아요 수가 감소하고 나의 좋아요 목록에서 제거된다	COMM-19
커뮤니티	작성자 프로필 조회	커뮤니티 사용자	마음에 든 기록을 올린 사람의 다른 기록도 보고 싶음	게시물에서 작성자를 선택한다	작성자의 닉네임과 공개된 게시물 목록을 확인할 수 있다	COMM-20
알림	알림 목록	여행자	내가 받은 알림을 확인하고 싶음	알림 메뉴에 진입한다	최근에 받은 알림 목록이 표시된다	NOTI-01
알림	공동편집 초대 알림	여행 동행자	다른 사용자가 공동 편집에 초대했음을 알고 싶음	공동 편집 초대를 받는다	공동 편집 초대 알림이 표시되고 해당 아카이브에 참여할 수 있다	NOTI-02
알림	알림 설정	여행자	받고 싶은 알림만 관리하고 싶음	알림 설정에서 항목을 변경한다	선택한 알림 수신 설정이 저장된다. 단, 제재 알림은 끌 수 없다	NOTI-03
알림	알림 읽음 처리	여행자	확인한 알림을 안 읽은 것과 구분하고 싶음	알림을 선택하거나 모두 읽음을 누른다	해당 알림이 읽음 상태가 되고 안 읽은 알림 개수가 줄어든다	NOTI-04
알림	경고 알림	여행자	내 계정에 경고가 적용됐음을 알고 싶음	경고가 처리되면 알림을 받고 알림 목록에서 확인한다	경고 사유와 누적 횟수, 차단 기준을 확인할 수 있다	NOTI-05
알림	안 읽은 알림 개수	여행자	새 알림이 있는지 앱에서 바로 알고 싶음	앱에 진입한다	안 읽은 알림 개수가 배지로 표시된다	NOTI-06
관리자	관리자 로그인	관리자	관리 기능을 사용하기 위해 관리자 권한으로 인증해야 함	관리자 전용 로그인 화면에서 관리자 계정으로 인증한다	관리자 권한이 확인되고 관리자 화면에 접근할 수 있다	ADMIN-01
관리자	관리자 로그아웃	관리자	관리 작업을 마치고 접속을 종료하고 싶음	로그아웃을 선택한다	관리자 세션이 종료된다	ADMIN-02
관리자	관리자 대시보드 조회	관리자	서비스 운영 현황을 한눈에 보고 싶음	관리자 대시보드에 접근한다	회원 수, 신고 접수 현황 등 서비스 현황을 확인할 수 있다	ADMIN-03
관리자	회원 경고	관리자	정책 위반이 명백해 누적 기준과 별개로 즉시 경고가 필요함	회원의 경고 기능을 선택하고 사유를 등록한다	해당 회원에게 경고가 처리된다	ADMIN-04
관리자	회원 차단	관리자	정책 위반이 중대해 누적 기준과 별개로 즉시 차단이 필요함	회원의 차단 기능을 선택하고 사유를 등록한다	해당 회원에게 차단이 처리된다	ADMIN-05
관리자	게시물 삭제	관리자	서비스 정책에 반하는 게시물을 삭제	게시물 삭제를 선택하고 사유 등록	해당 게시물이 삭제 처리된다	ADMIN-06
관리자	댓글 삭제	관리자	서비스 정책에 반하는 댓글을 삭제	댓글삭제를 선택하고 사유 등록	해당 댓글이 삭제 처리된다	ADMIN-07
관리자	대댓글 삭제	관리자	서비스 정책에 반하는 대댓글을 삭제	대댓글 삭제를 선택하고 사유 등록	해당 대댓글이 삭제 처리된다	ADMIN-08
관리자	신고 검토 및 유효 판정	관리자	접수된 신고가 실제 정책 위반인지 판단하고 싶음	신고 목록에서 신고 내용을 검토하고 유효 또는 반려를 선택한다	유효로 판정된 신고가 해당 회원의 누적 신고 횟수에 반영된다	ADMIN-09
관리자	누적 신고 자동 제재	관리자	회원의 유효 신고 누적이 정책 기준에 도달함	관리자가 신고를 유효로 판정하면 시스템이 해당 회원의 누적 유효 신고 횟수를 확인한다	누적 1회면 경고, 3회면 차단이 자동으로 처리되고 회원에게 제재 사실이 안내된다	ADMIN-10
관리자	회원 차단 해제	관리자	차단한 회원의 이용을 다시 허용하고 싶음	차단된 회원을 선택하고 차단 해제 사유를 등록한다	해당 회원의 차단이 해제되고 서비스를 다시 이용할 수 있다	ADMIN-11
관리자	회원 목록 조회	관리자	제재할 회원을 찾고 싶음	관리자 화면에서 회원 목록을 조회하거나 닉네임으로 검색한다	회원 목록과 각 회원의 상태, 누적 신고 횟수가 표시된다	ADMIN-12
관리자	회원 상세 조회	관리자	제재 전에 회원의 이력을 확인하고 싶음	회원 목록에서 회원을 선택한다	해당 회원의 가입 정보, 누적 신고 횟수, 경고·차단 이력을 확인할 수 있다	ADMIN-13
관리자	신고 목록 조회	관리자	접수된 신고를 처리 순서대로 보고 싶음	관리자 화면에서 신고 목록을 조회한다	미처리 신고와 처리된 신고가 구분되어 표시된다	ADMIN-14
관리자	신고 상세 조회	관리자	신고된 내용을 직접 보고 유효 여부를 판단하고 싶음	신고 목록에서 신고를 선택한다	신고 사유와 신고된 게시물·댓글의 내용, 작성자를 확인할 수 있다	ADMIN-15
공통 시스템	잘못된 요청 처리	서비스 이용자	입력값이나 요청이 올바르지 않음	잘못된 정보를 입력하거나 유효하지 않은 요청을 보낸다	요청이 처리되지 않고 오류 원인에 대한 안내를 확인할 수 있다	COMMON-01
공통 시스템	인증 오류 처리	서비스 이용자	로그인하지 않았거나 인증이 만료됨	인증이 필요한 기능에 접근한다	로그인 또는 재인증 안내를 확인할 수 있다	COMMON-02
공통 시스템	권한 오류 처리	서비스 이용자	접근 권한이 없는 기능이나 데이터에 접근함	다른 사용자의 비공개 데이터 등에 접근한다	접근이 거부되고 권한이 없다는 안내를 확인할 수 있다	COMMON-03
공통 시스템	리소스 없음 처리	서비스 이용자	존재하지 않는 페이지나 데이터를 요청함	삭제되었거나 존재하지 않는 데이터에 접근한다	요청한 데이터를 찾을 수 없다는 안내를 확인할 수 있다	COMMON-04
공통 시스템	중복 요청 처리	서비스 이용자	이미 처리된 요청을 다시 수행함	동일한 작업을 반복해서 요청한다	중복 요청이 처리되지 않고 현재 상태에 대한 안내를 확인할 수 있다	COMMON-05
공통 시스템	서버 오류 처리	서비스 이용자	서비스 내부에서 예기치 않은 오류가 발생함	기능을 이용하는 중 서버 오류가 발생한다	서비스 오류 안내를 확인하고 다시 시도할 수 있다	COMMON-06
공통 시스템	네트워크 오류 처리	서비스 이용자	네트워크 문제로 요청이 정상적으로 처리되지 않음	네트워크가 불안정한 상태에서 기능을 이용한다	네트워크 오류 안내를 확인하고 다시 시도할 수 있다	COMMON-07
